景点名称,景点经度,景点纬度,景点城市,点评数量,点评数量排名_当前城市,点评数量排名_全国,places,position,wgs_longitude,wgs_latitude
磁器口古镇,106.4500028,29.58143028,重庆,10001~20000,1,28,"磁器口古镇内,龙隐洞西158米",沙坪坝区,106.4500028,29.58143028
洪崖洞民俗风貌区,106.5783425,29.56193794,重庆,5001~10000,2,66,"重庆洪崖洞内,洪崖滴翠附近19米",渝中区,106.5783425,29.56193794
武隆,107.7534968,29.31911305,重庆,5001~10000,3,99,佳兴窗帘南247米,武隆区,107.7534968,29.31911305
武隆天生三桥,107.8051209,29.43358692,重庆,5001~10000,4,109,"天生三桥内,鲤鱼跃龙门东南168米",武隆区,107.8051209,29.43358692
长江索道,106.5828,29.55774016,重庆,1001~5000,5,172,重庆长江索道北站附近9米,渝中区,106.5828,29.55774016
解放碑步行街,106.5771606,29.55729845,重庆,1001~5000,6,173,"解放碑步行街内,人民解放纪念碑内0米",渝中区,106.5771606,29.55729845
万州大瀑布,108.2568121,30.65707764,重庆,1001~5000,7,323,"万州大瀑布景区内,神秘石刻附近32米",万州区,108.2568121,30.65707764
大足石刻,105.76976,29.74675675,重庆,1001~5000,8,390,铁厂新村东南345米,大足区,105.76976,29.74675675
黑山谷风景区,106.9978157,28.88777491,重庆,1001~5000,9,404,"黑山谷风景区内,黑山森林假日西447米",綦江区,106.9978157,28.88777491
龙水峡地缝,107.7918995,29.40265458,重庆,1001~5000,10,444,"龙水峡地缝内,时空隧道附近6米",武隆区,107.7918995,29.40265458
仙女山国家森林公园,107.7389386,29.49718596,重庆,1001~5000,11,470,"仙女山国家森林公园内,仙湖林韵东北120米",武隆区,107.7389386,29.49718596
朝天门广场,106.5880033,29.56718436,重庆,1001~5000,12,485,"重庆朝天门广场内,重庆规划展览馆来福士体验中心北90米",渝中区,106.5880033,29.56718436
武隆喀斯特旅游区,107.7681209,29.41768058,重庆,1001~5000,13,654,"武隆喀斯特旅游仙女山游客中心内,石头城附近28米",武隆区,107.7681209,29.41768058
南山一棵树观景台,106.6033081,29.54581602,重庆,501~1000,14,818,"南山一棵树景区内,观景台东北133米",南岸区,106.6033081,29.54581602
三峡博物馆,106.5503822,29.56213628,重庆,501~1000,15,837,"重庆中国三峡博物馆内,历代钱币厅附近26米",渝中区,106.5503822,29.56213628
重庆园博园,106.5540151,29.68008667,重庆,501~1000,16,890,"重庆园博园内,濯花水榭北54米",渝北区,106.5540151,29.68008667
小寨天坑风景区,109.4754593,30.74484714,重庆,501~1000,17,905,"天坑地缝国家重点风景名胜区内,小寨天坑风景区内0米",奉节县,109.4754593,30.74484714
渣滓洞,106.433464,29.58523725,重庆,501~1000,18,912,"歌乐山烈士陵园内,渣滓洞内0米",沙坪坝区,106.433464,29.58523725
人民大礼堂,106.5541098,29.56163644,重庆,501~1000,19,960,"重庆市人民大礼堂内,重庆大礼堂酒店西62米",渝中区,106.5541098,29.56163644
芙蓉洞,107.909777,29.21955999,重庆,501~1000,20,1003,芙蓉睡佛南730米,武隆区,107.909777,29.21955999
云阳龙缸国家地质公园,109.0107455,30.67742215,重庆,501~1000,21,1013,"龙缸景区内,调脸包北108米",云阳县,109.0107455,30.67742215
丰都鬼城名山景区,107.7258759,29.88607218,重庆,501~1000,22,1039,"丰都鬼城-名山景区内,丰都鬼城名山景区附近26米",丰都县,107.7258759,29.88607218
白帝城.瞿塘峡景区,109.575403,31.04101838,重庆,501~1000,23,1067,"重庆奉节白帝城・瞿塘峡景区内,白帝城附近25米",奉节县,109.575403,31.04101838
洋人街,106.6016326,29.6020553,重庆,501~1000,24,1102,翰驹精致生活超市西北124米,南岸区,106.6016326,29.6020553
重庆动物园,106.5060528,29.50352535,重庆,501~1000,25,1178,"重庆动物园内,梅花鹿东59米",九龙坡区,106.5060528,29.50352535
湖广会馆,106.5867872,29.55784562,重庆,501~1000,26,1206,"湖广会馆内,祭祖堂附近21米",渝中区,106.5867872,29.55784562
白公馆,106.4321602,29.57667491,重庆,501~1000,27,1235,"歌乐山烈士陵园内,白公馆内0米",沙坪坝区,106.4321602,29.57667491
金佛山,107.1273921,29.04924668,重庆,501~1000,28,1247,金佛山国家重点风景名胜区西66米,南川区,107.1273921,29.04924668
重庆好吃街,106.5767614,29.55817835,重庆,501~1000,29,1251,"解放碑步行街内,重庆时代广场内0米",渝中区,106.5767614,29.55817835
四面山,106.390883,28.616368,重庆,251~500,30,1291,四面山国家级风景名胜区附近0米,江津区,106.390883,28.616368
观音桥步行街,106.532004,29.57478206,重庆,251~500,31,1358,新世界百货西100米,江北区,106.532004,29.57478206
古佛洞,107.1935193,29.03046655,重庆,251~500,32,1365,普渡舟西61米,南川区,107.1935193,29.03046655
巫山小三峡,109.888261,31.08054467,重庆,251~500,33,1390,巫山小三峡附近25米,巫山县,109.888261,31.08054467
武陵山大裂谷,107.579186,29.48996008,重庆,251~500,34,1418,"武陵山大裂谷景区内,重庆t之家公寓附近12米",涪陵区,107.579186,29.48996008
南山植物园,106.629167,29.55548684,重庆,251~500,35,1446,"重庆南山植物园内,月季园西南62米",南岸区,106.629167,29.55548684
欢乐海底世界,106.5165848,29.55125814,重庆,251~500,36,1493,"陆海国际中心内,阳光金融中心内0米",渝中区,106.5165848,29.55125814
山城步道,106.5688532,29.55005224,重庆,251~500,37,1522,"山城巷历史文化风貌区内,山城步道附近0米",渝中区,106.5688532,29.55005224
皇冠大扶梯,106.5494943,29.55204169,重庆,251~500,38,1537,"皇冠大厦内,重庆市廖红百货店附近13米",渝中区,106.5494943,29.55204169
金刀峡,106.6181336,30.02259851,重庆,251~500,39,1585,"金刀峡风景区内,狮头峡东北230米",北碚区,106.6181336,30.02259851
鹅岭公园,106.5365163,29.54974487,重庆,251~500,40,1676,"鹅岭正街小区内,鹅岭公园内0米",渝中区,106.5365163,29.54974487
茶山竹海,105.9506124,29.43003289,重庆,251~500,41,1680,茶山竹海附近0米,永川区,105.9506124,29.43003289
罗汉寺,106.5815941,29.5597008,重庆,251~500,42,1710,"解放碑步行街内,罗汉寺内0米",渝中区,106.5815941,29.5597008
四川美术学院(黄桷坪校区),106.5411205,29.48748047,重庆,251~500,43,1839,"四川美术学院(黄桷坪校区)内,鲁迅雕像西南74米",九龙坡区,106.5411205,29.48748047
重庆野生动物世界,105.9091446,29.29136139,重庆,251~500,44,1954,"乐和乐都主题公园度假群内,重庆野生动物世界附近30米",永川区,105.9091446,29.29136139
乌江画廊,108.2135901,29.19112209,重庆,251~500,45,2089,乌江画廊景区附近8米,彭水苗族土家族自治县,108.2135901,29.19112209
张飞庙,108.7054821,30.91042246,重庆,251~500,46,2175,"张飞庙内,旱喷西南59米",云阳县,108.7054821,30.91042246
两江国际影视城（民国街）,106.8231976,29.68504722,重庆,251~500,47,2228,"两江国际影视城内,民国街附近9米",渝北区,106.8231976,29.68504722
重庆WFC会仙楼观景台,106.5776315,29.55896088,重庆,251~500,48,2253,"解放碑步行街内,WFC环球金融购物中心内0米",渝中区,106.5776315,29.55896088
神龙峡风景区,107.0543664,28.99525819,重庆,101~250,49,2512,"神龙峡景区内,懒懒山谷客栈附近16米",南川区,107.0543664,28.99525819
李子坝轻轨站,106.5376599,29.55289228,重庆,101~250,50,2513,"重庆市轨道集团建设大楼内,李子坝(地铁站)附近10米",渝中区,106.5376599,29.55289228
钓鱼城,106.3162442,30.00473805,重庆,101~250,51,2586,"钓鱼城内,古军营遗址附近30米",合川区,106.3162442,30.00473805
阿依河景区,108.120686,29.1508981,重庆,101~250,52,2647,"阿依河旅游景区内,情书文化长廊东南76米",彭水苗族土家族自治县,108.120686,29.1508981
南滨路,106.5464637,29.50852415,重庆,101~250,53,2678,美每家南滨上院西188米,南岸区,106.5464637,29.50852415
涂鸦一条街,106.5429718,29.48688196,重庆,101~250,54,2710,黄桷坪涂鸦艺术街内,九龙坡区,106.5429718,29.48688196
龙鳞石海,106.9135177,28.84716977,重庆,101~250,55,2740,"万盛经济开发区-石林风景名胜区内,重庆梨园民宿西107米",綦江区,106.9135177,28.84716977
白鹤梁水下博物馆,107.3924157,29.71217275,重庆,101~250,56,2786,"白鹤梁水下博物馆内,白鹤梁东53米",涪陵区,107.3924157,29.71217275
长寿古镇,107.0663031,29.85765457,重庆,101~250,57,2787,"长寿菩提古镇文化旅游区内,彭祖桥东北84米",长寿区,107.0663031,29.85765457
汉海海洋公园,106.5440482,29.39344507,重庆,101~250,58,2934,"重庆汉海海洋公园内,海洋公园-雨林馆附近48米",巴南区,106.5440482,29.39344507
石宝寨,108.1915891,30.42016187,重庆,101~250,59,2935,"石宝寨内,十二生肖雕塑东51米",忠县,108.1915891,30.42016187
长寿湖,107.2413802,29.91373907,重庆,101~250,60,2951,长涛湖风景区鹊桥附近41米,长寿区,107.2413802,29.91373907
铜梁奇彩梦园,106.046026,29.79474887,重庆,101~250,61,2964,"奇彩梦园内,奇彩花海北60米",铜梁区,106.046026,29.79474887
碧津公园,106.629829,29.71363737,重庆,101~250,62,2965,"碧津公园内,景观叠水东111米",渝北区,106.629829,29.71363737
瞿塘峡,109.5786557,31.04113292,重庆,101~250,63,3065,"重庆奉节白帝城・瞿塘峡景区内,忠义渡口东南130米",奉节县,109.5786557,31.04113292
北山石刻,105.7104071,29.71224906,重庆,101~250,64,3066,"北山石刻景区内,北山摩岩造像西北131米",大足区,105.7104071,29.71224906
天福官驿,107.7978198,29.43428044,重庆,101~250,65,3077,"天生三桥内,天福官驿附近0米",武隆区,107.7978198,29.43428044
三峡广场,106.4597538,29.55783347,重庆,101~250,66,3182,华夏银座附近32米,沙坪坝区,106.4597538,29.55783347
花卉园,106.5143807,29.58149879,重庆,101~250,67,3183,"重庆市花卉园内,中国水电六局重庆轨道交通4号线西延伸段土建3标项目经理部西83米",渝北区,106.5143807,29.58149879
万灵古镇,105.648212,29.48971535,重庆,101~250,68,3212,"万灵古镇内,万灵影视拍摄基地一期附近24米",荣昌区,105.648212,29.48971535
龙水湖旅游度假区,105.8091089,29.54326839,重庆,101~250,69,3321,"龙水湖旅游度假区内,重庆龙水湖青年旅社西北254米",大足区,105.8091089,29.54326839
山城夜景,106.4348964,29.58457078,重庆,101~250,70,3394,"歌乐山烈士陵园内,渣滓洞内0米",沙坪坝区,106.4348964,29.58457078
重庆科技馆,106.5779759,29.57221606,重庆,101~250,71,3413,重庆科技馆内,江北区,106.5779759,29.57221606
缙云山,106.3817774,29.83380715,重庆,101~250,72,3434,"缙云山内,观霞山庄西北522米",北碚区,106.3817774,29.83380715
重庆大学,106.4685353,29.5652049,重庆,101~250,73,3539,"重庆大学-A区内,计划财务处西南55米",沙坪坝区,106.4685353,29.5652049
歌乐山国家森林公园,106.4273793,29.5686316,重庆,101~250,74,3558,"歌乐山森林公园内,同心岛附近31米",沙坪坝区,106.4273793,29.5686316
重庆国泰艺术中心,106.5771239,29.5600263,重庆,101~250,75,3595,"解放碑步行街内,重庆国泰艺术中心内0米",渝中区,106.5771239,29.5600263
安居古城,106.0289341,29.98836858,重庆,101~250,76,3613,"安居古城景区内,毛主席像章展览馆附近50米",铜梁区,106.0289341,29.98836858
巫峡,110.1184003,31.03211711,重庆,101~250,77,3632,巫峡附近0米,巫山县,110.1184003,31.03211711
小南海,108.741611,29.64385665,重庆,101~250,78,3711,"小南海国家地质公园内,土家十三寨(小南海)景区东南254米",黔江区,108.741611,29.64385665
南山风景区,106.6222176,29.5560434,重庆,101~250,79,3798,"重庆大金鹰内,南山风景区附近2米",南岸区,106.6222176,29.5560434
宝顶山景区,105.7948013,29.74877519,重庆,101~250,80,3848,"大足石刻宝顶山景区内,文殊菩萨东137米",大足区,105.7948013,29.74877519
二厂文创公园,106.5400429,29.55140641,重庆,101~250,81,3849,"二厂文创公园内,鹅岭二厂附近17米",渝中区,106.5400429,29.55140641
佛影峡漂流,106.7022371,29.2433216,重庆,101~250,82,3952,"佛影峡生态旅游区内,佛影峡漂流景区内0米",巴南区,106.7022371,29.2433216
歌乐山烈士陵园,106.4411707,29.571595,重庆,101~250,83,3953,"歌乐山烈士陵园内,'一一二七'盟员烈士纪念碑东65米",沙坪坝区,106.4411707,29.571595
巴国城,106.4732966,29.50173822,重庆,101~250,84,3979,"巴国城内,喜唐云帆楼内0米",九龙坡区,106.4732966,29.50173822
宝贝梦想城,106.5244318,29.55742321,重庆,101~250,85,3980,"金源时代购物中心内,精益眼镜附近43米",江北区,106.5244318,29.55742321
千厮门大桥,106.5795877,29.56373975,重庆,101~250,86,4053,时光秘境北142米,渝中区,106.5795877,29.56373975
十八梯,106.5723078,29.55055055,重庆,101~250,87,4139,"重庆十八梯内,B5栋附近21米",渝中区,106.5723078,29.55055055
潼南大佛寺,105.8098347,30.1865837,重庆,101~250,88,4376,潼南大佛寺景区西南156米,潼南区,105.8098347,30.1865837
华岩寺,106.44625,29.49256634,重庆,101~250,89,4482,"华岩旅游风景区内,华岩寺附近0米",九龙坡区,106.44625,29.49256634
重庆杜莎夫人蜡像馆,106.5862736,29.5783223,重庆,101~250,90,4504,"长嘉汇购物公园内,中国工商银行附近45米",南岸区,106.5862736,29.5783223
汉丰湖,108.465866,31.17860365,重庆,101~250,91,4568,汉丰湖国家水利风景区附近0米,开州区,108.465866,31.17860365
嘉陵江,106.5413131,29.56254722,重庆,101~250,92,4777,重庆牛角沱滨水公园西北264米,渝中区,106.5413131,29.56254722
钟家院,106.4519029,29.57937588,重庆,101~250,93,4908,"磁器口古镇内,钟家院附近7米",沙坪坝区,106.4519029,29.57937588
神女峰,110.016086,31.03278956,重庆,101~250,94,4909,板栗树槽东南63米,巫山县,110.016086,31.03278956
南坪步行街,106.5636587,29.52429462,重庆,101~250,95,4910,万达国际附近2米,南岸区,106.5636587,29.52429462
西南大学,106.4208221,29.81933154,重庆,101~250,96,4944,"西南大学内,光大礼堂西130米",北碚区,106.4208221,29.81933154
816工程景区,107.5110813,29.5541513,重庆,101~250,97,4945,"816工程内,7号主导洞西北72米",涪陵区,107.5110813,29.5541513
枇杷山公园,106.5577553,29.55431148,重庆,101~250,98,4982,"重庆枇杷山公园内,重庆市枇杷山公园管理处北168米",渝中区,106.5577553,29.55431148
重庆千野草场景区,108.2163004,30.2603743,重庆,101~250,99,4983,石柱千野草场生态旅游风景区-观光车候车处东北86米,石柱土家族自治县,108.2163004,30.2603743
朝天门大桥,106.5717917,29.58490099,重庆,101~250,100,5018,紫御江山紫峰北270米,江北区,106.5717917,29.58490099
重庆鳄鱼养殖中心,106.592804,29.64480065,重庆,51~100,101,5068,"重庆鳄鱼中心内,西部热带动物园内0米",渝北区,106.592804,29.64480065
照母山森林公园,106.5088042,29.6265652,重庆,51~100,102,5069,"照母山森林公园内,石牛坡西61米",渝北区,106.5088042,29.6265652
长嘉汇弹子石老街,106.5870387,29.57890912,重庆,51~100,103,5111,"弹子石老街内,青云桥附近12米",南岸区,106.5870387,29.57890912
红岩革命纪念馆,106.4990695,29.55394795,重庆,51~100,104,5157,"重庆红岩革命纪念馆内,重庆红岩革命历史博物馆附近33米",渝中区,106.4990695,29.55394795
大木林下花园,107.6684667,29.62518146,重庆,51~100,105,5193,"大木花谷内,大木林下花园内0米",涪陵区,107.6684667,29.62518146
宝轮寺,106.4523944,29.58224653,重庆,51~100,106,5194,"磁器口古镇内,宝轮寺附近3米",沙坪坝区,106.4523944,29.58224653
中山四路,106.5502558,29.56499486,重庆,51~100,107,5195,周公馆附近47米,渝中区,106.5502558,29.56499486
重庆国际会议展览中心,106.5615778,29.53359095,重庆,51~100,108,5196,"国汇中心内,重庆城投国际会议展览中心内0米",南岸区,106.5615778,29.53359095
老君洞,106.6024556,29.54166923,重庆,51~100,109,5232,"老君洞内,南天门东南125米",南岸区,106.6024556,29.54166923
龙兴古镇,106.7934208,29.70078923,重庆,51~100,110,5233,"龙兴古镇内,龙藏宫附近48米",渝北区,106.7934208,29.70078923
朝天门码头,106.5892497,29.56330553,重庆,51~100,111,5276,总统七号游轮附近17米,渝中区,106.5892497,29.56330553
天坑寨子景区,107.8242753,29.44916113,重庆,51~100,112,5313,"天坑寨子景区内,重庆武隆・天坑寨子・阿巴措营地附近24米",武隆区,107.8242753,29.44916113
梵高星空艺术馆,106.5789861,29.55753162,重庆,51~100,113,5392,"解放碑步行街内,大都会东方广场内0米",渝中区,106.5789861,29.55753162
鸿恩寺森林公园,106.5074222,29.57007538,重庆,51~100,114,5432,"鸿恩寺森林公园内,鸿影湖东南109米",江北区,106.5074222,29.57007538
三峡梯城,108.6990964,30.93639856,重庆,51~100,115,5433,"三峡梯城内,凭栏望台西北97米",云阳县,108.6990964,30.93639856
宋庆龄旧居,106.548804,29.55413203,重庆,51~100,116,5482,重庆宋庆龄旧居陈列馆内,渝中区,106.548804,29.55413203
涞滩古镇,106.4943611,30.17407436,重庆,51~100,117,5521,"涞滩古镇内,居士楼南63米",合川区,106.4943611,30.17407436
山王坪喀斯特国家生态公园,107.3376622,29.11431125,重庆,51~100,118,5522,山王坪喀斯特国家生态公园附近0米,南川区,107.3376622,29.11431125
芙蓉江,107.9075094,29.22590021,重庆,51~100,119,5628,"重庆武隆芙蓉洞内,祥瑞迎宾附近39米",武隆区,107.9075094,29.22590021
中山古镇,106.327464,28.83892703,重庆,51~100,120,5733,"中山古镇内,中国邮政储蓄银行西南89米",江津区,106.327464,28.83892703
大木花谷,107.6734353,29.62421873,重庆,51~100,121,5838,"大木花谷内,迎新安置房东117米",涪陵区,107.6734353,29.62421873
潼南崇龛油菜花,105.6160484,30.14746262,重庆,51~100,122,5898,"陈抟故里崇龛花海景区-停车场内,潼南油菜花景区附近0米",潼南区,105.6160484,30.14746262
下浩老街,106.5959623,29.55768851,重庆,51~100,123,6011,重庆市文物保护志愿者服务总队北60米,南岸区,106.5959623,29.55768851
蚩尤九黎城,108.1282202,29.31634354,重庆,51~100,124,6138,"蚩尤九黎城内,九黎宫西南121米",彭水苗族土家族自治县,108.1282202,29.31634354
江北嘴中央商务区中央公园,106.5751854,29.57243446,重庆,51~100,125,6397,"江北嘴中央商务区-中央公园内,中央公园西79米",江北区,106.5751854,29.57243446
天主教若瑟堂,106.5697412,29.55774912,重庆,51~100,126,6398,"解放碑步行街内,天主教若瑟堂内0米",渝中区,106.5697412,29.55774912
太白岩公园,108.3732932,30.80697993,重庆,51~100,127,6557,太白岩公园附近6米,万州区,108.3732932,30.80697993
仙女山镇,107.7609593,29.41811973,重庆,51~100,128,6558,仙女山镇政府西58米,武隆区,107.7609593,29.41811973
凯旋路电梯,106.5766851,29.55216333,重庆,51~100,129,6687,大元广场附近41米,渝中区,106.5766851,29.55216333
濯水古镇,108.773758,29.30015411,重庆,51~100,130,6750,"濯水景区内,濯水古镇内0米",黔江区,108.773758,29.30015411
红岩魂广场,106.4444788,29.571964,重庆,51~100,131,6841,"歌乐山烈士陵园内,重庆歌乐山革命纪念馆东248米",沙坪坝区,106.4444788,29.571964
昌州古城,105.7452191,29.69167292,重庆,51~100,132,6842,"昌州古城内,棠都大酒店海棠里附近47米",大足区,105.7452191,29.69167292
菜园坝长江大桥,106.5512606,29.54335124,重庆,51~100,133,6843,新重庆小商品菜园坝批发中心南588米,渝中区,106.5512606,29.54335124
黄水国家森林公园,108.3951263,30.2356428,重庆,51~100,134,6925,"毕兹卡绿宫内,黄水国家森林公园附近0米",石柱土家族自治县,108.3951263,30.2356428
五洲园,106.7414257,29.193657,重庆,51~100,135,6994,"五洲园内,丹霞峰西北73米",巴南区,106.7414257,29.193657
洪安古镇,109.2728847,28.49950408,重庆,51~100,136,6995,"重庆秀山洪安边城景区内,洪安古镇内0米",秀山土家族苗族自治县,109.2728847,28.49950408
东水门,106.587804,29.55902368,重庆,51~100,137,7083,东水门及古城墙附近1米,渝中区,106.587804,29.55902368
巫溪灵巫洞,109.5966615,31.48302883,重庆,51~100,138,7172,"巫溪灵巫洞内,二宝山南733米",巫溪县,109.5966615,31.48302883
古剑山风景区,106.6072563,28.95668117,重庆,51~100,139,7173,"綦江古剑山风景区内,成远森林度假酒店西383米",綦江区,106.6072563,28.95668117
南滨公园,106.583566,29.54378106,重庆,51~100,140,7259,"南滨公园内,南滨路景区西南338米",南岸区,106.583566,29.54378106
巴渝民俗文化村,106.6282074,29.71231247,重庆,51~100,141,7353,民俗文化村附近25米,渝北区,106.6282074,29.71231247
重庆图书馆,106.4548236,29.53239321,重庆,51~100,142,7443,"重庆图书馆内,穿越时空重庆漫画展附近49米",沙坪坝区,106.4548236,29.53239321
红池坝国家森林公园,109.0835277,31.54326619,重庆,51~100,143,7444,"红池坝风景区内,流星花谷西北532米",巫溪县,109.0835277,31.54326619
重庆长江大桥,106.5632507,29.54486556,重庆,51~100,144,7445,珊瑚坝东南313米,渝中区,106.5632507,29.54486556
照母山植物园,106.5095168,29.6278024,重庆,51~100,145,7446,"照母山森林公园内,翠玉坪西南72米",渝北区,106.5095168,29.6278024
桂园,106.547041,29.5628936,重庆,51~100,146,7565,桂园内,渝中区,106.547041,29.5628936
金佛山北坡景区,107.1889828,29.04084858,重庆,51~100,147,7566,金佛山国家重点风景名胜区-商品店北86米,南川区,107.1889828,29.04084858
通远门城墙遗址公园,106.5673299,29.55544605,重庆,51~100,148,7567,重庆古城墙-通远门段城门及城墙内,渝中区,106.5673299,29.55544605
李子坝公园,106.5350168,29.55196575,重庆,51~100,149,7653,"李子坝抗战遗址公园内,根固公馆附近7米",渝中区,106.5350168,29.55196575
菩提山,107.0531114,29.86704605,重庆,51~100,150,7654,"长寿菩提山文化旅游景区内,望寿楼西北158米",长寿区,107.0531114,29.86704605
武陵山国家森林公园,107.5935094,29.53841112,重庆,51~100,151,7655,"武陵山国家森林公园内,百年夫妻树西南405米",涪陵区,107.5935094,29.53841112
铁山坪森林公园,106.6835694,29.60655847,重庆,51~100,152,7747,"铁山坪森林公园内,重庆市儿童爱心庄园西132米",江北区,106.6835694,29.60655847
佛图关公园,106.5277191,29.54798737,重庆,51~100,153,7748,"佛图关公园内,杨公烈士铜像西235米",渝中区,106.5277191,29.54798737
重庆自然博物馆（新馆）,106.4076981,29.81885285,重庆,51~100,154,7749,"重庆自然博物馆内,自然博物馆站西南277米",北碚区,106.4076981,29.81885285
万州西游洞,108.4241355,30.60625066,重庆,51~100,155,7750,鹅沟东南126米,万州区,108.4241355,30.60625066
周公馆,106.5505236,29.56528775,重庆,51~100,156,7845,"巴渝文化会馆内,周公馆内0米",渝中区,106.5505236,29.56528775
重庆白象街,106.5793349,29.55145587,重庆,51~100,157,7846,"白象街传统风貌区内,融创白象街东北167米",渝中区,106.5793349,29.55145587
北泉风景区,106.4154544,29.85845261,重庆,51~100,158,7847,"北温泉公园内,缙云山北温泉旅游度假区北133米",北碚区,106.4154544,29.85845261
万盛石林,106.9195781,28.84361747,重庆,51~100,159,7925,万盛石林景区东北564米,綦江区,106.9195781,28.84361747
大风堡景区,108.3824216,30.18960126,重庆,51~100,160,7926,"大风堡景区内,观景台东北100米",石柱土家族自治县,108.3824216,30.18960126
平顶山文化公园,106.4744224,29.54719266,重庆,51~100,161,8003,"平顶山文化公园内,平顶山足球乐园西北99米",沙坪坝区,106.4744224,29.54719266
圣灯山森林公园,106.6838793,29.21502798,重庆,51~100,162,8110,"圣灯山原始森林公园内,拈花微笑铜像附近48米",巴南区,106.6838793,29.21502798
西南政法大学,106.5963998,29.66637621,重庆,51~100,163,8111,"西南政法大学(渝北校区)内,西南政法大学医院南58米",渝北区,106.5963998,29.66637621
四川外国语大学,106.436497,29.57022574,重庆,51~100,164,8112,"歌乐山烈士陵园内,四川外国语大学内0米",沙坪坝区,106.436497,29.57022574
地心探险极地,106.9090215,29.75897172,重庆,51~100,165,8216,"地心探险极地内,生基坪西南450米",渝北区,106.9090215,29.75897172
嘉陵江小三峡,106.4183896,29.85426834,重庆,51~100,166,8323,嘉陵江小三峡风光带附近1米,北碚区,106.4183896,29.85426834
摩围山景区,107.9804495,29.18248203,重庆,51~100,167,8324,"摩围山风景区内,停车场附近34米",彭水苗族土家族自治县,107.9804495,29.18248203
南天湖景区,107.8231417,29.57364263,重庆,51~100,168,8325,"南天湖景区内,喊泉附近31米",丰都县,107.8231417,29.57364263
偏岩古镇,106.6556391,30.00190771,重庆,51~100,169,8326,"偏岩古镇内,金湖宾馆附近39米",北碚区,106.6556391,30.00190771
新华日报营业部旧址,106.5707805,29.55776749,重庆,51~100,170,8327,"解放碑步行街内,新华日报营业部旧址内0米",渝中区,106.5707805,29.55776749
重庆工商大学,106.579022,29.50341832,重庆,51~100,171,8328,"重庆工商大学(南岸校区)内,南苑超市西152米",南岸区,106.579022,29.50341832
红池坝高山草场,109.0157698,31.66922643,重庆,11~50,172,8453,红池坝高山草场附近1米,巫溪县,109.0157698,31.66922643
神女溪,109.900002,31.12000187,重庆,11~50,173,8454,神女溪附近0米,巫山县,109.900002,31.12000187
丰盛古镇,106.9351556,29.52761823,重庆,11~50,174,8455,"丰盛古镇内,青远楼公园东北109米",巴南区,106.9351556,29.52761823
北碚公园,106.4431642,29.82791173,重庆,11~50,175,8675,"北碚公园内,竹园附近13米",北碚区,106.4431642,29.82791173
双桂堂,107.7061324,30.60540857,重庆,11~50,176,8809,"双桂堂内,禅堂南77米",梁平区,107.7061324,30.60540857
垫江牡丹樱花世界,107.3936368,30.41004533,重庆,11~50,177,8810,"垫江牡丹樱花世界内,紫金潭东104米",垫江县,107.3936368,30.41004533
秀湖公园,106.21497,29.58265636,重庆,11~50,178,8811,"秀湖公园内,时光故事影视主题小镇北78米",璧山区,106.21497,29.58265636
永川卫星湖,105.8873988,29.24979282,重庆,11~50,179,8812,卫星湖风情小镇南95米,永川区,105.8873988,29.24979282
重庆市城市规划展览馆,106.5886547,29.5754002,重庆,11~50,180,8813,重庆市规划展览馆内,南岸区,106.5886547,29.5754002
龙门浩老街,106.5945117,29.55589238,重庆,11~50,181,8939,"龙门浩老街内,美国大使馆临时办公楼旧址附近10米",南岸区,106.5945117,29.55589238
棠城公园,105.931932,29.35728051,重庆,11~50,182,8940,"棠城公园内,天一阁附近27米",永川区,105.931932,29.35728051
重庆师范大学,106.4565972,29.55781622,重庆,11~50,183,8941,"重庆师范大学(沙坪坝校区)内,重庆师范大学继续教育学院附近10米",沙坪坝区,106.4565972,29.55781622
慈云寺,106.5944444,29.5659777,重庆,11~50,184,9076,"慈云寺内,故宫文物南迁纪念馆西北54米",南岸区,106.5944444,29.5659777
重庆当代美术馆,106.5414638,29.48705969,重庆,11~50,185,9077,"四川美术学院(黄桷坪校区)内,四川美术学院黄桷坪校区-商业美术系西南93米",九龙坡区,106.5414638,29.48705969
垫江牡丹生态旅游区,107.2906891,30.26510474,重庆,11~50,186,9078,垫江牡丹生态旅游区附近8米,垫江县,107.2906891,30.26510474
宁厂古镇,109.6151442,31.46182276,重庆,11~50,187,9206,盐泉社区退役军人服务站西北155米,巫溪县,109.6151442,31.46182276
聂荣臻元帅陈列馆,106.2606784,29.27519294,重庆,11~50,188,9207,"聂荣臻元帅陈列馆内,聂荣臻元帅铜像附近45米",江津区,106.2606784,29.27519294
龙美术馆,106.574282,29.56905011,重庆,11~50,189,9208,"重庆国华金融中心内,重庆国华天平大厦附近24米",江北区,106.574282,29.56905011
花样龙水湖,105.8008617,29.52184504,重庆,11~50,190,9361,湖滨公园西57米,大足区,105.8008617,29.52184504
双江古镇,105.7494443,30.21496173,重庆,11~50,191,9362,"双江古镇内,杨公同志旧居内0米",潼南区,105.7494443,30.21496173
珊瑚公园,106.5527199,29.55035044,重庆,11~50,192,9363,华福超市南58米,渝中区,106.5527199,29.55035044
云阳长江大桥,108.7166561,30.91667021,重庆,11~50,193,9506,"云阳滨江公园内,水上花园东北67米",云阳县,108.7166561,30.91667021
西沱古镇,108.2201397,30.40655965,重庆,11~50,194,9507,西沱古镇西南100米,石柱土家族自治县,108.2201397,30.40655965
濯水景区蒲花暗河,108.7437736,29.30480634,重庆,11~50,195,9508,蒲花暗河西南210米,黔江区,108.7437736,29.30480634
东溪古镇,106.6670514,28.75920908,重庆,11~50,196,9659,"东溪古镇内,东溪医院东南244米",綦江区,106.6670514,28.75920908
古佛山,105.5186104,29.27324529,重庆,11~50,197,9660,古佛山9D玻璃索桥西北248米,荣昌区,105.5186104,29.27324529
重庆理工大学,106.5121454,29.51308965,重庆,11~50,198,9828,"保利时代广场内,奥蓝超市附近29米",九龙坡区,106.5121454,29.51308965
石马山公园,107.799972,30.66218251,重庆,11~50,199,9829,石马山公园东223米,梁平区,107.799972,30.66218251
大韩民国临时政府旧址陈列馆,106.5694652,29.55581271,重庆,11~50,200,9830,"解放碑步行街内,大韩民国临时政府旧址陈列馆内0米",渝中区,106.5694652,29.55581271
红岩魂陈列馆,106.4423528,29.57222289,重庆,11~50,201,9831,"歌乐山烈士陵园内,重庆歌乐山革命纪念馆附近9米",沙坪坝区,106.4423528,29.57222289
聚森茂特色创意产业街,106.4518723,29.58073395,重庆,11~50,202,9832,"磁器口古镇内,瓷器口古镇民俗馆附近40米",沙坪坝区,106.4518723,29.58073395
法国水师兵营旧址,106.5845462,29.5794502,重庆,11~50,203,9833,"同盟国驻渝外交机构旧址群-法国水师兵营旧址内,SND(超凡百货店)附近22米",南岸区,106.5845462,29.5794502
戴笠公馆旧址,106.5492463,29.56486149,重庆,11~50,204,10009,"巴渝文化会馆内,85号创意公馆内0米",渝中区,106.5492463,29.56486149
重庆医科大学,106.5091434,29.53560176,重庆,11~50,205,10010,康德27度生活空间西102米,渝中区,106.5091434,29.53560176
重庆八中,106.465768,29.55403466,重庆,11~50,206,10194,"重庆八中(沙坪坝站东路)内,王俊凯身边附近29米",沙坪坝区,106.465768,29.55403466
白沙古镇,106.1249529,29.06161275,重庆,11~50,207,10195,"老重庆影视拍摄基地内,白沙古镇西南62米",江津区,106.1249529,29.06161275
丰都九重天连天栈道,107.8119544,29.78618165,重庆,11~50,208,10196,"九重天景区内,天空之镜附近38米",丰都县,107.8119544,29.78618165
凤凰花海,106.352565,29.71407801,重庆,11~50,209,10382,凤凰花海附近21米,沙坪坝区,106.352565,29.71407801
松溉古镇,105.89374,29.05625036,重庆,11~50,210,10383,永川区松溉镇博爱卫生院西北84米,永川区,105.89374,29.05625036
忠县白公祠,108.021544,30.28425584,重庆,11~50,211,10780,"白公祠内,关帝庙附近46米",忠县,108.021544,30.28425584
杨家坪步行街,106.5191503,29.50986954,重庆,11~50,212,10781,星河港都西57米,九龙坡区,106.5191503,29.50986954
万州慈云寺,108.3751148,30.80168347,重庆,11~50,213,11184,慈云寺内,万州区,108.3751148,30.80168347
百里竹海景区-观音洞,107.567276,30.68519655,重庆,11~50,214,11185,"重庆市梁平区百里竹海景区-观音洞内,重庆市梁平区百里竹海景区南59米",梁平区,107.567276,30.68519655
巴蔓子墓,106.5691109,29.55659252,重庆,11~50,215,11186,"解放碑步行街内,渝海大厦内0米",渝中区,106.5691109,29.55659252
星光大道,106.5087014,29.60091519,重庆,11~50,216,11187,星光大厦东南185米,渝北区,106.5087014,29.60091519
观音塘湿地公园,106.224604,29.55426384,重庆,11~50,217,11188,"观音塘湿地公园内,观景码头东南59米",璧山区,106.224604,29.55426384
瞰胜楼观夜景,106.538298,29.55012139,重庆,11~50,218,11399,"鹅岭正街小区内,鹅岭公园内0米",渝中区,106.538298,29.55012139
重庆抗战遗址博物馆,106.6176013,29.56666804,重庆,11~50,219,11400,"重庆抗战遗址博物馆内,黄山抗战旧址群-云岫楼附近10米",南岸区,106.6176013,29.56666804
重庆熙街,106.3013739,29.60132988,重庆,11~50,220,11401,"大学城熙街-二期内,重庆熙街附近26米",沙坪坝区,106.3013739,29.60132988
泰昌古镇,109.8201903,31.25386983,重庆,11~50,221,11402,大昌镇附近0米,巫山县,109.8201903,31.25386983
黄桷古道,106.5969193,29.54090837,重庆,11~50,222,11606,黄葛古道附近0米,南岸区,106.5969193,29.54090837
铜梁博物馆,106.05484,29.83636153,重庆,11~50,223,11607,"铜梁博物馆内,玉琪茶庄附近33米",铜梁区,106.05484,29.83636153
北碚恐龙遗址,106.4251326,29.84314771,重庆,11~50,224,11608,"北泉风景区内,望江楼别墅南72米",北碚区,106.4251326,29.84314771
渝北商业步行街,106.5967856,29.66950967,重庆,11~50,225,11609,"学府佳园内,不晚花艺附近11米",渝北区,106.5967856,29.66950967
青龙桥,107.8012797,29.43386398,重庆,11~50,226,11857,"天生三桥内,青龙桥附近1米",武隆区,107.8012797,29.43386398
美心红酒小镇,107.185811,29.66268535,重庆,11~50,227,11858,"美心红酒小镇内,蔺市客运站内0米",涪陵区,107.185811,29.66268535
十字金街,106.5765478,29.55748354,重庆,11~50,228,11859,"解放碑步行街内,重庆时代广场西南94米",渝中区,106.5765478,29.55748354
东水门大桥,106.5911399,29.55771354,重庆,11~50,229,11860,湖广会馆东482米,南岸区,106.5911399,29.55771354
朝华文化公园,107.7273658,29.8656871,重庆,11~50,230,11861,"朝华文化公园内,丰都县规划局西南75米",丰都县,107.7273658,29.8656871
壹华里夜景公园,106.5927198,29.50875459,重庆,11~50,231,12084,"壹华里夜景公园内,山涧叠院民宿附近41米",南岸区,106.5927198,29.50875459
滑石古寨景区,107.7243168,30.58889252,重庆,11~50,232,12085,"重庆市梁平区滑石古寨内,梁平区滑石古寨景区-三寨门西377米",梁平区,107.7243168,30.58889252
刘伯承故居,108.4258724,31.07518205,重庆,11~50,233,12086,刘伯承故居内,开州区,108.4258724,31.07518205
能仁寺,106.5770165,29.55555941,重庆,11~50,234,12350,"解放碑步行街内,解放碑商业大厦内0米",渝中区,106.5770165,29.55555941
巴南文化电影公园,106.5507611,29.43951156,重庆,11~50,235,12351,工商干校西南67米,巴南区,106.5507611,29.43951156
红岩村,106.4982894,29.55157003,重庆,11~50,236,12352,重庆红岩革命历史博物馆南286米,渝中区,106.4982894,29.55157003
中国民主党派历史陈列馆,106.5459847,29.56100375,重庆,11~50,237,12353,"中国民主党派历史陈列馆内,中国民主同盟成立纪念碑附近22米",渝中区,106.5459847,29.56100375
天鹅湖风景区,109.4614353,31.05279609,重庆,11~50,238,12604,"天鹅湖风景区内,天湖雅郡东北251米",奉节县,109.4614353,31.05279609
天成巷百业工坊老街,106.5785003,29.56229958,重庆,11~50,239,12605,"重庆洪崖洞内,洪崖滴翠东北52米",渝中区,106.5785003,29.56229958
邱少云纪念馆,106.0511554,29.84773355,重庆,11~50,240,12606,"邱少云纪念馆内,邱少云烈士纪念碑内0米",铜梁区,106.0511554,29.84773355
巴岳山,106.0559497,29.77496586,重庆,11~50,241,12890,铜龙应急救援大队东北242米,铜梁区,106.0559497,29.77496586
华夏牡丹园,107.2504547,30.24244064,重庆,11~50,242,13216,华夏牡丹园附近1米,垫江县,107.2504547,30.24244064
金佛山世界昆虫博物园,107.1264858,29.04856315,重庆,11~50,243,13217,世界昆虫博物园附近11米,南川区,107.1264858,29.04856315
綦江农民版画院,106.6434643,29.04746101,重庆,11~50,244,13564,"版画广场内,綦江农民版画院内0米",綦江区,106.6434643,29.04746101
重庆历史名人馆,106.5875998,29.56667451,重庆,11~50,245,13565,"重庆朝天门广场内,重庆规划展览馆来福士体验中心附近32米",渝中区,106.5875998,29.56667451
塘河古镇,106.0508398,28.95668983,重庆,11~50,246,13566,"塘河古镇内,塘河镇附近6米",江津区,106.0508398,28.95668983
缙云山生态旅游观光索道,106.3981498,29.8367872,重庆,11~50,247,13567,"缙云山内,太虚大师之塔东190米",北碚区,106.3981498,29.8367872
天井峡地缝,109.4573008,30.68541163,重庆,11~50,248,13921,"天坑地缝国家重点风景名胜区内,天井峡地缝内0米",奉节县,109.4573008,30.68541163
重庆万达金街,106.5698999,29.52425333,重庆,11~50,249,13922,重庆富力艾美酒店西52米,南岸区,106.5698999,29.52425333
南山石刻,105.7205786,29.68346989,重庆,11~50,250,13923,三清古洞内,大足区,105.7205786,29.68346989
圣寿寺,105.798089,29.752073,重庆,11~50,251,14276,"大足石刻宝顶山景区内,天王殿(圣寿寺)附近21米",大足区,105.798089,29.752073
黄山蒋介石官邸,106.6176963,29.56667623,重庆,11~50,252,14277,"重庆抗战遗址博物馆内,黄山抗战旧址群-云岫楼附近0米",南岸区,106.6176963,29.56667623
重庆交通大学,106.5713722,29.49020355,重庆,11~50,253,14278,"重庆交通大学内,隧道轨道与地下工程研究所东南66米",南岸区,106.5713722,29.49020355
雨台山风景区,107.4502766,29.7183103,重庆,11~50,254,14279,大垭口南88米,涪陵区,107.4502766,29.7183103
神龟峡,108.6628522,29.10484336,重庆,11~50,255,14686,阿蓬江生态景区西61米,黔江区,108.6628522,29.10484336
电视塔公园,106.2248152,29.58509352,重庆,11~50,256,14687,"璧山区电视塔公园内,枫林唱晚南55米",璧山区,106.2248152,29.58509352
探索舱・云端乐园,106.5875852,29.5658161,重庆,11~50,257,14688,"重庆来福士内,来福士探索舱观景台附近0米",渝中区,106.5875852,29.5658161
南温泉公园,106.5782791,29.42242988,重庆,11~50,258,14689,"南温泉旅游风景区内,重庆南温泉丽筠酒店北155米",巴南区,106.5782791,29.42242988
望乡台瀑布,106.4298369,28.61263755,重庆,11~50,259,15129,四面山大瀑布附近45米,江津区,106.4298369,28.61263755
姜家溶洞风景区,106.8052096,29.33644317,重庆,11~50,260,15130,姜家溶洞风景区附近0米,巴南区,106.8052096,29.33644317
阿蓬江,108.6633775,29.10469183,重庆,11~50,261,15131,阿蓬江生态景区附近0米,黔江区,108.6633775,29.10469183
跳伞塔,106.5474842,29.55338385,重庆,11~50,262,15132,"重庆市体育竞赛中心内,重庆市大田湾全民健身中心内0米",渝中区,106.5474842,29.55338385
恺之峰旅游区,107.2858715,30.26311077,重庆,11~50,263,15133,"恺之峰旅游区内,牡丹村退役军人服务站东南72米",垫江县,107.2858715,30.26311077
潼南杨公旧居,105.7491984,30.2153276,重庆,11~50,264,15134,"双江古镇内,杨公同志旧居内0米",潼南区,105.7491984,30.2153276
海石公园,106.41157,29.69461333,重庆,11~50,265,15135,"海石公园内,结心门北494米",沙坪坝区,106.41157,29.69461333
重庆文峰塔,106.5987786,29.53286534,重庆,11~50,266,15136,文峰塔附近1米,南岸区,106.5987786,29.53286534
重庆市北碚区嘉陵风情步行街,106.4023891,29.80139021,重庆,11~50,267,15137,"嘉陵风情步行街内,雄风新天地东153米",北碚区,106.4023891,29.80139021
重庆天地,106.5093469,29.55302596,重庆,11~50,268,15596,"重庆天地内,2栋附近1米",渝中区,106.5093469,29.55302596
印盒李花生态旅游区,106.8304602,29.90462689,重庆,11~50,269,15597,"渝北印盒李花生态旅游区内,玉皇观附近29米",渝北区,106.8304602,29.90462689
（重庆黄水旅游度假区）毕兹卡绿宫,108.3909595,30.23798994,重庆,11~50,270,15598,"毕兹卡绿宫内,绿宫度假酒店东北345米",石柱土家族自治县,108.3909595,30.23798994
中国黔江城市大峡谷,108.8159705,29.50656661,重庆,11~50,271,15599,"中国黔江城市大峡谷内,峡谷公园北64米",黔江区,108.8159705,29.50656661
龙山风情街,106.5025847,29.58821475,重庆,11~50,272,16050,大龙山公园东北263米,渝北区,106.5025847,29.58821475
重庆市沙坪坝区教师进修学院,106.4694039,29.55824591,重庆,11~50,273,16051,重庆市沙坪坝区教师进修学院内,沙坪坝区,106.4694039,29.55824591
涂山寺,106.6083219,29.55003342,重庆,11~50,274,16052,"涂山寺内,观音殿附近46米",南岸区,106.6083219,29.55003342
重庆长江索道南站,106.5940739,29.55250202,重庆,11~50,275,16552,重庆长江索道南站附近14米,南岸区,106.5940739,29.55250202
黄桷坪,106.5424135,29.48969188,重庆,11~50,276,16553,黄桷坪涂鸦艺术街西北78米,九龙坡区,106.5424135,29.48969188
茂云山国家森林公园,108.183484,29.23942134,重庆,11~50,277,17043,国家电网充电站东北985米,彭水苗族土家族自治县,108.183484,29.23942134
武陵仙山,108.618544,29.54334465,重庆,11~50,278,17044,"黔江国家森林公园内,武陵仙山附近0米",黔江区,108.618544,29.54334465
神鹰天坑,107.8048115,29.43609837,重庆,11~50,279,17045,"天生三桥内,神鹰天坑附近7米",武隆区,107.8048115,29.43609837
石头城,107.7685774,29.42860605,重庆,11~50,280,17046,"仙山逸境内,仙山丽景西北67米",武隆区,107.7685774,29.42860605
义渡古镇,106.4949947,29.45438434,重庆,11~50,281,17047,"义渡古镇内,马桑溪供销合作社旧址附近27米",大渡口区,106.4949947,29.45438434
二佛寺,106.4951583,30.17433899,重庆,11~50,282,17048,"涞滩古镇内,二佛寺内0米",合川区,106.4951583,30.17433899
大磨滩瀑布,106.3965804,29.75752033,重庆,11~50,283,17049,北碚大磨滩湿地公园东179米,北碚区,106.3965804,29.75752033
黄安坝高山牧场,109.0650356,31.79963916,重庆,11~50,284,17667,回龙寨南473米,城口县,109.0650356,31.79963916
501艺术基地,106.5433537,29.48653851,重庆,11~50,285,17668,重庆501艺术基地内,九龙坡区,106.5433537,29.48653851
罗中立美术馆,106.3006111,29.60164759,重庆,11~50,286,17669,"四川美术学院(虎溪校区)内,四川美术学院美术馆(罗中立美术馆)内0米",沙坪坝区,106.3006111,29.60164759
黄桷坪涂鸦艺术街,106.5429644,29.48781659,重庆,11~50,287,17670,"四川美术学院(黄桷坪校区)内,国立交通大学遗址正面东96米",九龙坡区,106.5429644,29.48781659
涞滩鹫峰峡漂流,106.5040532,30.16402087,重庆,11~50,288,17671,涞滩鹫峰峡漂流附近2米,合川区,106.5040532,30.16402087
中复・北仓文创园,106.5383734,29.57871955,重庆,11~50,289,18274,"北仓文创街区内,北仓图书馆附近18米",江北区,106.5383734,29.57871955
黄生芝公馆,106.539281,29.57560009,重庆,11~50,290,18275,"中国人民解放军陆军第九五八医院内,九五八医院西75米",江北区,106.539281,29.57560009
四川美术学院虎溪校区,106.2971874,29.6029216,重庆,11~50,291,18276,"四川美术学院(虎溪校区)内,四川美术学院CAEA美术馆南77米",沙坪坝区,106.2971874,29.6029216
天星小镇,107.1083237,29.05244753,重庆,11~50,292,18277,"金佛山天星国际温泉城内,天星小镇附近0米",南川区,107.1083237,29.05244753
李子坝抗战遗址公园,106.5350168,29.55196575,重庆,11~50,293,18278,"李子坝抗战遗址公园内,根固公馆附近7米",渝中区,106.5350168,29.55196575
黄葛古道,106.5969193,29.54090837,重庆,11~50,294,18924,黄葛古道附近0米,南岸区,106.5969193,29.54090837
龙水湖松鹤岛运动公园,105.8028172,29.53738802,重庆,11~50,295,18925,"龙水湖旅游度假区内,野鸭湾附近23米",大足区,105.8028172,29.53738802
魁星楼,106.5735786,29.55972855,重庆,11~50,296,18926,"解放碑步行街内,魁星楼内0米",渝中区,106.5735786,29.55972855
小溪风景区,107.392558,29.60641286,重庆,11~50,297,18927,乌江赤壁观景台南532米,涪陵区,107.392558,29.60641286
南湖多彩植物园,106.6857455,29.31774215,重庆,11~50,298,18928,"南湖多彩植物园内,南湖湾农家乐内0米",巴南区,106.6857455,29.31774215
苏联大使馆第一处旧址,106.5530013,29.5533013,重庆,11~50,299,18929,小Q生活超市附近11米,渝中区,106.5530013,29.5533013
九凤山,106.2801223,29.52025499,重庆,11~50,300,18930,"九凤山景区内,回头湾附近19米",九龙坡区,106.2801223,29.52025499
美樱花海,106.010389,29.14174317,重庆,11~50,301,18931,稻场上南86米,江津区,106.010389,29.14174317
重庆巫山十二峰,109.8732104,31.0690724,重庆,11~50,302,18932,中国石油公寓东53米,巫山县,109.8732104,31.0690724
里隐洞景区,107.0343055,29.01823229,重庆,11~50,303,18933,公厕附近12米,南川区,107.0343055,29.01823229
铁路四村,106.5441797,29.490625,重庆,11~50,304,18934,"曦圆龙隐花园内,齐恩超市附近31米",九龙坡区,106.5441797,29.490625
苏家坝立交桥,106.5515029,29.53671278,重庆,11~50,305,19688,诚投天邻水岸东南178米,南岸区,106.5515029,29.53671278
财神殿,107.7257684,29.88616092,重庆,11~50,306,19689,"丰都鬼城-名山景区内,丰都鬼城名山景区附近16米",丰都县,107.7257684,29.88616092
三峰泉风景旅游度假区,106.8585221,29.45244361,重庆,11~50,307,19690,"重庆东温泉风景区内,三峰泉温泉酒店内0米",巴南区,106.8585221,29.45244361
栖霞宫,108.8730004,30.98666028,重庆,11~50,308,19691,栖霞宫附近1米,云阳县,108.8730004,30.98666028
石柱大风堡景区,108.3825803,30.19050333,重庆,11~50,309,19692,"大风堡景区内,观景台东北199米",石柱土家族自治县,108.3825803,30.19050333
金象・e街,106.4628492,29.56488473,重庆,11~50,310,19693,"金象左右内,B栋附近32米",沙坪坝区,106.4628492,29.56488473
五谷地度假农场,106.7234018,29.86970531,重庆,11~50,311,19694,强盛家电东89米,渝北区,106.7234018,29.86970531
荷兰花卉乐园,106.9996716,29.206647,重庆,11~50,312,20453,桃溪乐源东北61米,南川区,106.9996716,29.206647
重庆自然博物馆北碚陈列馆,106.4077093,29.81902772,重庆,11~50,313,20454,"重庆自然博物馆内,自然博物馆站西南265米",北碚区,106.4077093,29.81902772
重庆大足县步行街,105.7211303,29.69866202,重庆,11~50,314,20455,大足印象东北146米,大足区,105.7211303,29.69866202
板辽湖,106.8730157,28.85066369,重庆,11~50,315,20456,"万盛板辽金沙滩内,板辽湖附近0米",綦江区,106.8730157,28.85066369
谢家大院,106.5857,29.55823993,重庆,11~50,316,20457,湖广会馆西137米,渝中区,106.5857,29.55823993
孔园,106.58243,29.41997666,重庆,11~50,317,20458,"南温泉旅游风景区内,南温泉泉眼东南69米",巴南区,106.58243,29.41997666
百子巷,106.5789732,29.56230277,重庆,1~10,318,21342,"重庆洪崖洞内,打更老人雕塑附近9米",渝中区,106.5789732,29.56230277
佛影峡漂流景区-陡溪谷溯溪,106.702469,29.24320018,重庆,1~10,319,21343,"佛影峡生态旅游区内,佛影峡漂流景区内0米",巴南区,106.702469,29.24320018
三峡文物园,108.7078795,30.93212466,重庆,1~10,320,21344,"三峡梯城内,三峡文物园西北82米",云阳县,108.7078795,30.93212466
洛碛古镇,106.9306259,29.72766078,重庆,1~10,321,22280,洛碛中心小学校内,渝北区,106.9306259,29.72766078
荷和原乡,105.996896,29.79894726,重庆,1~10,322,22281,爱莲湖湿地生态公园附近1米,铜梁区,105.996896,29.79894726
杨家沟银杏村,107.2708801,28.9323005,重庆,1~10,323,22282,重庆市慧传农业发展有限公司西360米,南川区,107.2708801,28.9323005
樵坪山,106.6702015,29.41414807,重庆,1~10,324,22283,重庆樵坪山森林鸡场附近42米,巴南区,106.6702015,29.41414807
胜天湖,106.6624148,30.03491159,重庆,1~10,325,22284,北碚区胜天湖旅游公司附近29米,北碚区,106.6624148,30.03491159
九龙外滩广场,106.5272305,29.52395272,重庆,1~10,326,22285,"九龙滨江乐堡啤酒找乐广场内,九龙滩广场内0米",九龙坡区,106.5272305,29.52395272
和泓南山道,106.586326,29.53972998,重庆,1~10,327,22286,"乐动力江南体育中心内,江南体育馆水体中心附近15米",南岸区,106.586326,29.53972998
盛世花都翰林院,106.7250495,29.81385075,重庆,1~10,328,22287,红狮水泥南164米,渝北区,106.7250495,29.81385075
太阳湖,108.4365099,30.18876931,重庆,1~10,329,23363,太阳湖附近0米,石柱土家族自治县,108.4365099,30.18876931
崇龛镇,105.6181411,30.15370052,重庆,1~10,330,23364,"潼南区崇龛镇人民政府内,崇龛镇附近5米",潼南区,105.6181411,30.15370052
诗城博物馆,109.5462238,31.043715,重庆,1~10,331,23365,诗城博物馆内,奉节县,109.5462238,31.043715
陆游洞,109.8946302,31.07128195,重庆,1~10,332,23366,宁江渡公园西505米,巫山县,109.8946302,31.07128195
老瀛山,106.7481652,28.98141919,重庆,1~10,333,23367,"重庆綦江国家地质公园老瀛山景区内,白云观东640米",綦江区,106.7481652,28.98141919
黑石山,106.1424454,29.03858711,重庆,1~10,334,23368,聚奎中学东南259米,江津区,106.1424454,29.03858711
清源宫,105.9288732,28.98416646,重庆,1~10,335,23369,"清源宫内,清风亭附近42米",江津区,105.9288732,28.98416646
南滨路钟楼,106.5919629,29.57268427,重庆,1~10,336,23370,"长江艺术广场内,南滨路钟楼附近13米",南岸区,106.5919629,29.57268427
黑龙桥,107.8055025,29.43680163,重庆,1~10,337,23371,"天生三桥内,黑龙桥附近1米",武隆区,107.8055025,29.43680163
龙脊石,108.8984402,30.95297648,重庆,1~10,338,23372,张王庙西北662米,云阳县,108.8984402,30.95297648
北仓图书馆(北仓文创街区店),106.538267,29.57883819,重庆,1~10,339,23373,"北仓文创街区内,北仓图书馆附近0米",江北区,106.538267,29.57883819
南温泉索滑道,106.5804178,29.42208597,重庆,1~10,340,23374,"南温泉旅游风景区内,南温泉广场内0米",巴南区,106.5804178,29.42208597
巴雾峡,109.88638,31.16537942,重庆,1~10,341,23375,巴雾峡东南212米,巫山县,109.88638,31.16537942
御泉河漂流,107.4682906,29.61697005,重庆,1~10,342,24585,御泉河漂流西北144米,涪陵区,107.4682906,29.61697005
萌呀动物智慧城堡,106.4832652,29.52818413,重庆,1~10,343,24586,"江厦・星光汇内,永辉超市东85米",九龙坡区,106.4832652,29.52818413
长嘉汇海洋乐园,106.5862111,29.57823174,重庆,1~10,344,24587,"长嘉汇购物公园内,中国工商银行西52米",南岸区,106.5862111,29.57823174
夏冰洞,109.1520859,31.50837814,重庆,1~10,345,24588,鸡公梁子西北641米,巫溪县,109.1520859,31.50837814
风逸3D魔幻艺术馆,106.4669773,29.46631307,重庆,1~10,346,24589,"华生园金色蛋糕梦幻王国内,华生园博物馆附近13米",大渡口区,106.4669773,29.46631307
天坪山云林天乡,106.8105778,29.47443239,重庆,1~10,347,24590,"天坪山云林天乡景区内,绣枫园西北139米",巴南区,106.8105778,29.47443239
聂荣臻故居,106.075056,29.23571076,重庆,1~10,348,24591,"聂荣臻故居内,聂荣臻铜像附近23米",江津区,106.075056,29.23571076
三层马路,106.5355401,29.55135035,重庆,1~10,349,24592,李子坝抗战遗址公园东南96米,渝中区,106.5355401,29.55135035
武隆梦幻谷,107.8339498,29.49562551,重庆,1~10,350,24593,梦幻谷附近1米,武隆区,107.8339498,29.49562551
第9大道好吃街,106.4169057,29.8251121,重庆,1~10,351,24594,"云景华庭内,重庆洋腾百货附近20米",北碚区,106.4169057,29.8251121
大龙山公园-龙法寺,106.5004887,29.58725486,重庆,1~10,352,24595,"大龙山公园内,重庆家心怡酒店东143米",渝北区,106.5004887,29.58725486
重庆涪陵御泉河,107.4682906,29.61697005,重庆,1~10,353,24596,御泉河漂流西北144米,涪陵区,107.4682906,29.61697005
清溪沟,106.2465799,28.89065749,重庆,1~10,354,24597,金仙洞东124米,江津区,106.2465799,28.89065749
天龙桥,107.8042483,29.43563243,重庆,1~10,355,24598,"天生三桥内,神鹰天坑西南83米",武隆区,107.8042483,29.43563243
路孔古镇,105.6483184,29.48888012,重庆,1~10,356,24599,"万灵古镇内,赵氏宗祠东101米",荣昌区,105.6483184,29.48888012
弥陀禅院,108.3858446,30.82362236,重庆,1~10,357,24600,"弥陀禅院内,10号楼附近15米",万州区,108.3858446,30.82362236
重庆大学城,106.3016999,29.61000556,重庆,1~10,358,24601,"重庆师范大学(大学城校区)内,重庆师范大学惠风苑北204米",沙坪坝区,106.3016999,29.61000556
沙心玫瑰园,106.166545,29.84282806,重庆,1~10,359,25962,沙心玫瑰园内,铜梁区,106.166545,29.84282806
丰都雪玉洞景区,107.7983579,29.78308594,重庆,1~10,360,25963,"丰都雪玉洞景区内,小卖部东北297米",丰都县,107.7983579,29.78308594
七彩铜锣民俗艺术花都,106.7476025,29.67981195,重庆,1~10,361,25964,重庆市渝北区龙兴镇天堡街道小庆超市西387米,渝北区,106.7476025,29.67981195
双碑嘉陵江大桥,106.451856,29.59886908,重庆,1~10,362,25965,嘉陵江西北143米,沙坪坝区,106.451856,29.59886908
乡村印象,106.9224783,29.60321874,重庆,1~10,363,25966,"乡村印象生态餐厅(南涪路店)内,黄桷树西南281米",巴南区,106.9224783,29.60321874
乌江长廊,107.4123007,29.70093692,重庆,1~10,364,25967,涪陵万达广场西362米,涪陵区,107.4123007,29.70093692
彩色森林,106.9327592,29.49341207,重庆,1~10,365,25968,"彩色森林养生旅游区内,感恩牧场西南66米",巴南区,106.9327592,29.49341207
黄水药用植物园,108.3890908,30.22784245,重庆,1~10,366,25969,秘境黄水奇幻乐园附近6米,石柱土家族自治县,108.3890908,30.22784245
鹰嘴岩,106.955709,29.15798055,重庆,1~10,367,25970,鹰嘴岩附近0米,南川区,106.955709,29.15798055
四川美术学院停车场,106.2944798,29.60350064,重庆,1~10,368,25971,"四川美术学院(虎溪校区)内,四川美术学院综合楼北156米",沙坪坝区,106.2944798,29.60350064
綦江国家地质公园老瀛山景区,106.7481481,28.98142131,重庆,1~10,369,25972,"重庆綦江国家地质公园老瀛山景区内,白云观东638米",綦江区,106.7481481,28.98142131
涂山,106.6045456,29.55609495,重庆,1~10,370,25973,"涂山雕塑公园内,涂山观景台北94米",南岸区,106.6045456,29.55609495
涂井汉墓群,108.1315692,30.44939193,重庆,1~10,371,25974,付家G东南375米,忠县,108.1315692,30.44939193
大圆祥博物馆,106.220438,29.38640469,重庆,1~10,372,25975,重庆市璧山陶瓷有限公司附近32米,璧山区,106.220438,29.38640469
朝天门号两江夜景游轮,106.5897889,29.56676014,重庆,1~10,373,25976,重庆港六码头内,渝中区,106.5897889,29.56676014
山城巷历史文化风貌区,106.5688502,29.55006722,重庆,1~10,374,25977,"山城巷历史文化风貌区内,山城步道附近2米",渝中区,106.5688502,29.55006722
三叠瀑布,106.9743696,28.8664557,重庆,1~10,375,25978,"黑山谷风景区内,三叠瀑布附近0米",綦江区,106.9743696,28.8664557
荆竹峡汉风神谷景区,109.6450494,31.54777043,重庆,1~10,376,27533,"汉风神谷景区内,巫真雕像西北143米",巫溪县,109.6450494,31.54777043
尚古村落,106.896364,28.99650979,重庆,1~10,377,27534,重庆青山小隐民宿西南521米,綦江区,106.896364,28.99650979
梅园,106.4342606,29.58163498,重庆,1~10,378,27535,"歌乐山烈士陵园内,梅园内0米",沙坪坝区,106.4342606,29.58163498
土地岩景区,106.4057911,28.62174066,重庆,1~10,379,27536,土地岩景区附近28米,江津区,106.4057911,28.62174066
文庙,106.2268802,29.59294257,重庆,1~10,380,27537,璧山区北83米,璧山区,106.2268802,29.59294257
重庆邮电大学,106.6079648,29.53232106,重庆,1~10,381,27538,"重庆邮电大学内,风华运动场南92米",南岸区,106.6079648,29.53232106
乱吼一条街,107.1861102,29.66234804,重庆,1~10,382,27539,"美心红酒小镇内,蔺市客运站内0米",涪陵区,107.1861102,29.66234804
缙云寺,106.395917,29.8359634,重庆,1~10,383,27540,"缙云山内,重庆市植物园(缙云路)内0米",北碚区,106.395917,29.8359634
龙多山,106.0110899,30.26091184,重庆,1~10,384,27541,龙佛寺西北279米,合川区,106.0110899,30.26091184
玻璃眺台,107.7000001,29.38,重庆,1~10,385,27542,桐子坝北116米,武隆区,107.7000001,29.38
张自忠将军墓,106.4105999,29.80967008,重庆,1~10,386,27543,"张自忠烈士陵园内,张自忠将军墓附近0米",北碚区,106.4105999,29.80967008
白象居,106.5854803,29.55601802,重庆,1~10,387,27544,"白象居内,菜鸟驿站东南53米",渝中区,106.5854803,29.55601802
夜游两江,106.589438,29.56361575,重庆,1~10,388,27545,总统七号游轮附近28米,渝中区,106.589438,29.56361575
川河盖,109.1529413,28.55230753,重庆,1~10,389,27546,"川河盖旅游度假区内,鸡冠岩西北390米",秀山土家族苗族自治县,109.1529413,28.55230753
天眼洞花岭,106.610514,30.01246178,重庆,1~10,390,27547,"金刀峡风景区内,天眼洞花岭风景区附近1米",北碚区,106.610514,30.01246178
黄角坪,107.3662312,29.47106692,重庆,1~10,391,27548,保禾村公益电影放映点西北549米,武隆区,107.3662312,29.47106692
四川美术学院（虎溪校区）,106.3007398,29.60286094,重庆,1~10,392,29504,"四川美术学院(虎溪校区)内,四川美术学院美术馆(罗中立美术馆)北118米",沙坪坝区,106.3007398,29.60286094
人民公园,106.5822451,29.55590176,重庆,1~10,393,29505,望龙门小学内,渝中区,106.5822451,29.55590176
乌江画廊（武隆段）,107.5376823,29.41254024,重庆,1~10,394,29506,万卷书码头东南302米,武隆区,107.5376823,29.41254024
大足石刻博物馆,105.794555,29.74556977,重庆,1~10,395,29507,"大足石刻宝顶山景区内,大足石刻博物馆内0米",大足区,105.794555,29.74556977
天池百花谷,106.9254624,29.81923963,重庆,1~10,396,29508,青龙嘴东北123米,渝北区,106.9254624,29.81923963
骆来山风景名胜区,106.3770606,29.03755933,重庆,1~10,397,29509,"骆崃山风景名胜区内,擎天阁东北176米",江津区,106.3770606,29.03755933
武隆岩溶地质公园,107.7964247,29.43553276,重庆,1~10,398,29510,"天生三桥内,天龙桥北94米",武隆区,107.7964247,29.43553276
三倒拐,107.0730677,29.82721546,重庆,1~10,399,29511,凤鸣家园西69米,长寿区,107.0730677,29.82721546
荷塘悦色,106.4274656,29.71564789,重庆,1~10,400,29512,板栗院西85米,沙坪坝区,106.4274656,29.71564789
金佛山生态石林,107.1971205,29.03159976,重庆,1~10,401,29513,古佛洞北南62米,南川区,107.1971205,29.03159976
联合国际大厦,106.5817404,29.55727975,重庆,1~10,402,29514,"解放碑步行街内,联合国际写字楼内0米",渝中区,106.5817404,29.55727975
通远门,106.5668996,29.55515643,重庆,1~10,403,29515,"重庆古城墙-通远门段城门及城墙内,通远楼・星临书局附近0米",渝中区,106.5668996,29.55515643
鲁祖庙,106.572574,29.55541877,重庆,1~10,404,29516,"解放碑步行街内,鲁祖庙花市附近21米",渝中区,106.572574,29.55541877
花坝旅游景区,106.7156165,28.48042104,重庆,1~10,405,29517,花坝旅游度假区北60米,綦江区,106.7156165,28.48042104
重庆三峡移民纪念馆,108.4018035,30.80877036,重庆,1~10,406,29518,"三峡移民纪念馆内,国家电网充电站东北74米",万州区,108.4018035,30.80877036
洪崖洞重逢1980街区,106.579002,29.56208914,重庆,1~10,407,29519,"重庆洪崖洞内,打更老人雕塑附近20米",渝中区,106.579002,29.56208914
小黄帽重庆市安全应急科普中心,106.5724607,29.5747289,重庆,1~10,408,29520,"绿色星球动物主题公园内,重庆市小黄帽安全应急科普中心附近24米",江北区,106.5724607,29.5747289
熊猫宝贝亲子庄园,106.6517085,29.30138748,重庆,1~10,409,31957,街电附近40米,巴南区,106.6517085,29.30138748
咸宁半壁山,106.6444281,29.50029727,重庆,1~10,410,31958,"南岸区人民政府内,南岸区新行政中心南82米",南岸区,106.6444281,29.50029727
西流沱小镇,106.5124174,29.47678684,重庆,1~10,411,31959,"融汇西流沱滨江旅游区内,融汇西流沱小镇内0米",巴南区,106.5124174,29.47678684
彭水,108.1655463,29.29375642,重庆,1~10,412,31960,彭水苗族土家族自治县人民政府内0米,彭水苗族土家族自治县,108.1655463,29.29375642
板辽湖金沙滩,106.8816082,28.83816512,重庆,1~10,413,31961,"万盛板辽金沙滩内,重庆鸿展农庄酒店附近36米",綦江区,106.8816082,28.83816512
铜梁龙景区,105.94454,29.94407274,重庆,1~10,414,31962,铜梁龙景区附近0米,铜梁区,105.94454,29.94407274
军哥书屋,106.5466126,29.49038699,重庆,1~10,415,31963,军哥书屋附近0米,九龙坡区,106.5466126,29.49038699
黄桷垭老街,106.6042083,29.5363415,重庆,1~10,416,31964,"黄桷垭老街内,海都宾馆附近27米",南岸区,106.6042083,29.5363415
金沙寨,106.3516165,29.21182202,重庆,1~10,417,31965,垮石岩西北60米,江津区,106.3516165,29.21182202
来福士恋着梦幻星空艺术馆,106.5878571,29.5650541,重庆,1~10,418,31966,"重庆来福士内,重庆雅诗阁来福士服务公寓西北61米",渝中区,106.5878571,29.5650541
红岩顶,108.7615792,28.74165099,重庆,1~10,419,31967,红岩顶东北111米,酉阳土家族苗族自治县,108.7615792,28.74165099
重庆合川区南城商业步行街,106.2755471,29.97472765,重庆,1~10,420,31968,合川区行政服务大厅西174米,合川区,106.2755471,29.97472765
西秦会馆,108.3517298,28.91949057,重庆,1~10,421,31969,"龚滩古镇内,文昌阁西50米",酉阳土家族苗族自治县,108.3517298,28.91949057
大佛寺,105.9011778,29.32530185,重庆,1~10,422,31970,"大佛寺内,养心阁附近47米",永川区,105.9011778,29.32530185
大风堡原始森林,108.3762198,30.18156695,重庆,1~10,423,31971,悬空玻璃廊桥西南929米,石柱土家族自治县,108.3762198,30.18156695
重庆高粱酒文化体验馆,106.5879264,29.5588687,重庆,1~10,424,31972,"湖广会馆内,树冠咖啡东北257米",渝中区,106.5879264,29.5588687
长安汽车工业园,106.5423404,29.57789891,重庆,1~10,425,31973,"平常人家内,A栋附近26米",江北区,106.5423404,29.57789891
金科・廊桥水乡二组团,106.2878736,29.58237396,重庆,1~10,426,31974,"金科廊桥天都内,金科廊桥水乡二组团内0米",沙坪坝区,106.2878736,29.58237396
广阳岛油菜花田,106.7069883,29.55482064,重庆,1~10,427,31975,"广阳岛内,花木林内0米",南岸区,106.7069883,29.55482064
歌乐山桃花谷,106.4050685,29.58910083,重庆,1~10,428,31976,"颐麓欢歌生态园内,伊斯特庄园内0米",沙坪坝区,106.4050685,29.58910083
重庆大学中国建筑图书馆,106.4604487,29.56657008,重庆,1~10,429,31977,"重庆大学(B区)内,重庆大学B区-图书馆附近13米",沙坪坝区,106.4604487,29.56657008
迎龙峡旅游景区,106.6613263,29.44707539,重庆,1~10,430,31978,"重庆迎龙峡景区内,中湖山庄附近45米",巴南区,106.6613263,29.44707539
巫山县博物馆,109.8829022,31.07297557,重庆,1~10,431,31979,"巫山博物馆内,渝东古玩城附近10米",巫山县,109.8829022,31.07297557
重庆人民广场,106.5527951,29.56210548,重庆,1~10,432,31980,"重庆人民广场内,重庆特产超市东北136米",渝中区,106.5527951,29.56210548
南开中学,106.4621406,29.5611555,重庆,1~10,433,31981,清华源大厦西北127米,沙坪坝区,106.4621406,29.5611555
南城天街,106.5410586,29.40048358,重庆,1~10,434,31982,典雅龙领国际东北169米,巴南区,106.5410586,29.40048358
龙泉洞,106.4864711,29.5523307,重庆,1~10,435,31983,中国国际广播电台电力厂旧址东111米,沙坪坝区,106.4864711,29.5523307
花灯广场,108.9926039,28.44369414,重庆,1~10,436,35440,"秀山花灯广场内,秀山县园林局花灯广场管理所西南121米",秀山土家族苗族自治县,108.9926039,28.44369414
龙桥河,109.3648003,30.54584284,重庆,1~10,437,35441,奉节龙桥河景区附近0米,奉节县,109.3648003,30.54584284
龙洞湾,108.6736684,31.82271194,重庆,1~10,438,35442,椿树坪西北747米,城口县,108.6736684,31.82271194
金海湾滨江公园,106.4671594,29.61658219,重庆,1~10,439,35443,"金海湾滨江公园内,时光灯塔东82米",渝北区,106.4671594,29.61658219
南岸区图书馆,106.5626809,29.52226854,重庆,1~10,440,35444,南岸区图书馆附近1米,南岸区,106.5626809,29.52226854
凉风村,106.8435282,28.82089036,重庆,1~10,441,35445,凉风幼儿园西305米,綦江区,106.8435282,28.82089036
学林中心商业街,106.5970788,29.66675376,重庆,1~10,442,35446,渝北果园新村附近47米,渝北区,106.5970788,29.66675376
光明殿,106.6134131,28.96871854,重庆,1~10,443,35447,"綦江古剑山风景区内,古剑亭东98米",綦江区,106.6134131,28.96871854
阳光大草坪,106.5836908,29.71501642,重庆,1~10,444,35448,"重庆中央公园内,阳光大草坪附近19米",渝北区,106.5836908,29.71501642
大学城滑板公园,106.3065982,29.59971998,重庆,1~10,445,35449,"大学城中央公园内,大学城滑板公园内0米",沙坪坝区,106.3065982,29.59971998
潼南,105.838946,30.19203937,重庆,1~10,446,35450,创优汇智慧超市西76米,潼南区,105.838946,30.19203937
龙会花谷,109.4967847,30.91937163,重庆,1~10,447,35451,龙会花谷附近1米,奉节县,109.4967847,30.91937163
净音寺,106.6125391,28.96819022,重庆,1~10,448,35452,"綦江古剑山风景区内,三佛岩附近34米",綦江区,106.6125391,28.96819022
桃花村,107.5360151,29.623169,重庆,1~10,449,35453,枣知天下北375米,涪陵区,107.5360151,29.623169
时光穿越梦幻馆,106.5796585,29.55599374,重庆,1~10,450,35454,"解放碑步行街内,重庆环球半岛国际大酒店(半岛国际商务大厦店)内0米",渝中区,106.5796585,29.55599374
皇华城遗址,108.0932684,30.33627017,重庆,1~10,451,35455,皇华城西北90米,忠县,108.0932684,30.33627017
黄瓜山百里果乡,105.8516252,29.24396801,重庆,1~10,452,35456,重庆市永川区黄瓜山小学校西146米,永川区,105.8516252,29.24396801
夹滩镇,106.2744841,29.15196238,重庆,1~10,453,35457,华新水泥北58米,江津区,106.2744841,29.15196238
七彩祥耘开心农场,106.406659,29.65815269,重庆,1~10,454,35458,绿瀚开心农场北231米,沙坪坝区,106.406659,29.65815269
周易园,107.4176994,29.73508207,重庆,1~10,455,35459,瞧院东北221米,涪陵区,107.4176994,29.73508207
三多桥白鹭园,106.3677904,29.48974139,重庆,1~10,456,35460,重庆市九龙坡区白市驿镇第一中学东北179米,九龙坡区,106.3677904,29.48974139
江津花小原,106.4800032,28.63752927,重庆,1~10,457,35461,"花小原景区内,三生石东南135米",江津区,106.4800032,28.63752927
巴文化雕塑区,106.4288546,29.56728822,重庆,1~10,458,35462,"歌乐山森林公园内,飞云桥南175米",沙坪坝区,106.4288546,29.56728822
宝顶山石刻,105.7973317,29.7491738,重庆,1~10,459,35463,"大足石刻宝顶山景区内,赵智凤像附近42米",大足区,105.7973317,29.7491738
水口寺瀑布,106.3598809,28.65129834,重庆,1~10,460,35464,水口寺景区附近5米,江津区,106.3598809,28.65129834
大草原,107.7569145,29.50665155,重庆,1~10,461,35465,"仙女山国家森林公园内,大草原-小卖部附近41米",武隆区,107.7569145,29.50665155
海棠溪筒子楼,106.5879841,29.54344742,重庆,1~10,462,35466,"海棠溪筒子楼内,好邻居超市西49米",南岸区,106.5879841,29.54344742
重庆中药博物馆,106.6022197,29.5285415,重庆,1~10,463,35467,"重庆市中药研究院内,重庆中药博物馆附近1米",南岸区,106.6022197,29.5285415
保卫中国同盟总部旧址,106.5490362,29.5542523,重庆,1~10,464,35468,国际商务大厦附近20米,渝中区,106.5490362,29.5542523
桥头观音,106.4522905,29.58064435,重庆,1~10,465,35469,"磁器口古镇内,水月观音附近1米",沙坪坝区,106.4522905,29.58064435
马房湾66号七彩巷,106.4476028,29.56257001,重庆,1~10,466,35470,大川花园西北149米,沙坪坝区,106.4476028,29.56257001
史迪威将军博物馆,106.5333613,29.55061564,重庆,1~10,467,35471,"史迪威博物馆内,同盟国中国战区统帅部参谋长官邸旧址附近38米",渝中区,106.5333613,29.55061564
高庙坝生态旅游区,106.5653548,28.7932535,重庆,1~10,468,35472,"高庙坝旅游度假区内,中国邮政储蓄银行东北62米",綦江区,106.5653548,28.7932535
猿啸峰,106.3916597,29.84322123,重庆,1~10,469,35473,"缙云山内,景区-休息廊北518米",北碚区,106.3916597,29.84322123
聚云峰,106.393835,29.83781536,重庆,1~10,470,35474,"缙云山内,重庆市植物园(缙云路)内0米",北碚区,106.393835,29.83781536
（重庆黄水旅游度假区）秘境黄水奇幻乐园,108.3891545,30.22786253,重庆,1~10,471,41176,秘境黄水奇幻乐园附近4米,石柱土家族自治县,108.3891545,30.22786253
轻轨建设者纪念日墙,106.5322894,29.54967429,重庆,1~10,472,41177,江山华庭南85米,渝中区,106.5322894,29.54967429
山王坪银杏林场,107.3340986,29.11036436,重庆,1~10,473,41178,"银杏树下酒店内,山王坪银杏林场附近1米",南川区,107.3340986,29.11036436
银窝滩,108.3160022,29.06619856,重庆,1~10,474,41179,龙门峡北56米,彭水苗族土家族自治县,108.3160022,29.06619856
重庆美术馆,106.5767483,29.55997741,重庆,1~10,475,41180,"解放碑步行街内,重庆国泰艺术中心内0米",渝中区,106.5767483,29.55997741
少云公园,106.0532034,29.84496367,重庆,1~10,476,41181,少云公园内,铜梁区,106.0532034,29.84496367
西城商街,106.2522453,29.28207989,重庆,1~10,477,41182,西城商街-B栋内0米,江津区,106.2522453,29.28207989
重庆5D玻璃桥,106.6681033,29.445233,重庆,1~10,478,41183,"重庆迎龙峡景区内,重庆5D玻璃桥附近0米",巴南区,106.6681033,29.445233
重庆工业博物馆,106.4921893,29.47022926,重庆,1~10,479,41184,"重庆工业博物馆内,重钢旧址附近29米",大渡口区,106.4921893,29.47022926
大宁古城,109.6320493,31.39767932,重庆,1~10,480,41185,大宁古城附近0米,巫溪县,109.6320493,31.39767932
湖广填四川移民博物馆,106.58715,29.55795008,重庆,1~10,481,41186,"湖广会馆内,禹王宫附近26米",渝中区,106.58715,29.55795008
邹容烈士纪念碑,106.5532199,29.55191034,重庆,1~10,482,41187,"邹容公园内,邹容烈士纪念碑附近1米",渝中区,106.5532199,29.55191034
小南海景区后坝民俗生态博物馆,108.6861155,29.65243719,重庆,1~10,483,41188,"土家十三寨内,周氏节孝碑南60米",黔江区,108.6861155,29.65243719
四川省立重庆女子师范学校旧址,106.1368699,29.06084077,重庆,1~10,484,41189,"重庆工商学校内,国家电网充电站附近30米",江津区,106.1368699,29.06084077
巫溪大宁河,109.6367834,31.461133,重庆,1~10,485,41190,大宁河风景区附近8米,巫溪县,109.6367834,31.461133
绿地冰雪节,106.4757799,29.47192622,重庆,1~10,486,41191,重庆公运危险品运输分公司西南123米,大渡口区,106.4757799,29.47192622
秀山花灯广场,108.993091,28.44431532,重庆,1~10,487,41192,"秀山花灯广场内,秀山县园林局花灯广场管理所附近40米",秀山土家族苗族自治县,108.993091,28.44431532
仙女洞,107.3667961,29.68016647,重庆,1~10,488,41193,重庆思远集装箱有限公司东北104米,涪陵区,107.3667961,29.68016647
妙高山,105.5791453,29.73229984,重庆,1~10,489,41194,红庙子北531米,大足区,105.5791453,29.73229984
重庆建川海疆博物馆（166舰）,106.5296829,29.51563757,重庆,1~10,490,41195,重庆建川海疆博物馆东北62米,九龙坡区,106.5296829,29.51563757
重庆海底世界,106.6047398,29.60901051,重庆,1~10,491,41196,2栋西南139米,南岸区,106.6047398,29.60901051
Tim艺术公园,106.5855189,29.57812485,重庆,1~10,492,41197,"长嘉汇购物公园内,Manner Coffee西南107米",南岸区,106.5855189,29.57812485
仙女山国家森林公园-仙女山观光火车站木梯子站,107.7442977,29.50602239,重庆,1~10,493,41198,"仙女山国家森林公园内,小卖部附近12米",武隆区,107.7442977,29.50602239
恐龙化石遗址,108.8614127,29.44878029,重庆,1~10,494,41199,安家垭口东558米,黔江区,108.8614127,29.44878029
峨岭公园,106.536287,29.54966915,重庆,1~10,495,41200,"鹅岭正街小区内,鹅岭公园内0米",渝中区,106.536287,29.54966915
卢作孚纪念馆,106.4390102,29.83356979,重庆,1~10,496,41201,卢作孚纪念馆内,北碚区,106.4390102,29.83356979
辛亥革命十先列纪念碑,106.5374695,29.54873005,重庆,1~10,497,41202,"鹅岭正街小区内,鹅岭公园内0米",渝中区,106.5374695,29.54873005
龙缸国家地质公园博物馆,109.0043716,30.67145516,重庆,1~10,498,41203,"龙缸景区内,重庆云阳龙缸国家地质公园博物馆东南96米",云阳县,109.0043716,30.67145516
重庆市梁平区百里竹海-蝶海景区,107.5425522,30.68392504,重庆,1~10,499,41204,"蝴蝶谷内,重庆市梁平区百里竹海-蝶海景区附近0米",梁平区,107.5425522,30.68392504
垫江大观园,107.4045604,30.42207175,重庆,1~10,500,41205,垫江油菜花大观园内,垫江县,107.4045604,30.42207175
沙塘口公园,107.3905774,29.45941679,重庆,1~10,501,41206,沙塘口公园附近0米,武隆区,107.3905774,29.45941679
明氏祠堂,106.7935826,29.6982976,重庆,1~10,502,41207,"龙兴古镇内,明氏祠堂西61米",渝北区,106.7935826,29.6982976
丰都杜氏庄园,107.6823902,30.19190788,重庆,1~10,503,41208,董家镇彭家坝中航希望小学北112米,丰都县,107.6823902,30.19190788
渝高公园,106.48859,29.52900083,重庆,1~10,504,41209,"渝高公园内,致远亭附近42米",九龙坡区,106.48859,29.52900083
九长路步行街,106.2684204,29.99151711,重庆,1~10,505,41210,久长路社区西南115米,合川区,106.2684204,29.99151711
天子城,108.5678991,30.72300864,重庆,1~10,506,41211,万州区长滩镇林场村卫生室西北817米,万州区,108.5678991,30.72300864
三峡天坑乡村公园,109.4499104,30.65611922,重庆,1~10,507,41212,"奉节县兴隆镇人民政府内,兴隆镇附近1米",奉节县,109.4499104,30.65611922
杨虎城将军纪念室,106.4313797,29.5777437,重庆,1~10,508,41213,"歌乐山烈士陵园内,戴公祠内0米",沙坪坝区,106.4313797,29.5777437
重庆光环购物公园室内植物园“沐光森林”,106.5292917,29.64938412,重庆,1~10,509,41214,"光环购物公园内,Apple授权专营店附近0米",渝北区,106.5292917,29.64938412
重庆自然博物馆-西广场,106.4069507,29.81787877,重庆,1~10,510,41215,"重庆自然博物馆内,自然博物馆站西南416米",北碚区,106.4069507,29.81787877
白马洞,106.4874386,29.83724743,重庆,1~10,511,41216,中心村王家院子北645米,北碚区,106.4874386,29.83724743
大田湾体育馆,106.546765,29.55501184,重庆,1~10,512,41217,"重庆市体育竞赛中心内,重庆市大田湾全民健身中心内0米",渝中区,106.546765,29.55501184
临江公园,106.5118092,29.5301856,重庆,1~10,513,41218,"重庆医科大学附属第一医院内,门诊部附近7米",渝中区,106.5118092,29.5301856
重庆十八梯传统风貌区,106.5731466,29.55269728,重庆,1~10,514,41219,"重庆十八梯内,186号楼附近7米",渝中区,106.5731466,29.55269728
中心展览馆,106.6309116,29.55682639,重庆,1~10,515,41220,"重庆南山植物园内,杜月笙别墅旧址东南57米",南岸区,106.6309116,29.55682639
重庆云端之眼观景台,106.5821656,29.55730127,重庆,1~10,516,41221,"解放碑步行街内,联合国际写字楼内0米",渝中区,106.5821656,29.55730127
龚滩古镇乌江画廊,108.772912,29.29929865,重庆,1~10,517,41222,"濯水景区内,濯水古镇内0米",黔江区,108.772912,29.29929865
西南大学生物技术学院-陈列室,106.4185325,29.81376086,重庆,1~10,518,41223,"西南大学内,生物技术学院陈列室附近0米",北碚区,106.4185325,29.81376086
江北石家花园,106.484873,29.56806208,重庆,1~10,519,41224,徐悲鸿小学东130米,江北区,106.484873,29.56806208
綦江博物馆,106.6533559,29.01723358,重庆,1~10,520,41225,"綦江博物馆内,地质厅北64米",綦江区,106.6533559,29.01723358
石桥水乡湿地公园,108.2427969,30.56773079,重庆,1~10,521,41226,"石桥水乡湿地公园内,柑橘林南129米",万州区,108.2427969,30.56773079
大圆洞国家森林公园,106.2718304,28.91295343,重庆,1~10,522,41227,盖堂寺东119米,江津区,106.2718304,28.91295343
太保祠,107.7298918,30.5207718,重庆,1~10,523,41228,拱桥坝西北520米,梁平区,107.7298918,30.5207718
